station_removed,num_components,largest_component_size,avg_shortest_path,components_norm,largest_component_loss,largest_component_loss_norm,avg_shortest_path_norm,failure_impact_score,station_display,station,degree_centrality,betweenness_centrality,closeness_centrality,betweenness_norm,degree_norm,closeness_norm,propagation_risk_score
baker street,1,271,17.167910345770125,0.0,0,0.0,1.0,0.3,Baker Street,baker street,0.025830258302583,0.3543809046556072,0.114394259181089,1.0,1.0,0.9509065016094019,0.7899999999999999
green park,1,271,14.429684296842968,0.0,0,0.0,0.2911258533189617,0.0873377559956885,Green Park,green park,0.022140221402214,0.3418789576784653,0.1181857828172699,0.9647217250904322,0.8333333333333334,1.0,0.6752288560105894
earls court,3,262,14.67310110847884,1.0,9,0.4090909090909091,0.3541417919423648,0.6289698103099821,Earls Court,earls court,0.022140221402214,0.2059716988704278,0.0929036681522111,0.5812155682332666,0.8333333333333334,0.6726415091347823,0.6459653938762946
kings cross st. pancras,2,254,14.12785160748187,0.5,17,0.7727272727272727,0.2129871656108664,0.4957143315014417,Kings Cross St. Pancras,kings cross st. pancras,0.025830258302583,0.1955828891622253,0.1061080657791699,0.5519001915531982,1.0,0.8436150110436046,0.6246643952270317
waterloo,1,271,14.54082274156075,0.0,0,0.0,0.3198974626583887,0.0959692387975166,Waterloo,waterloo,0.022140221402214,0.282363901416792,0.1087916499397832,0.7967808019768944,0.8333333333333334,0.87836266061986,0.5938478392943689
liverpool street,1,271,14.966406997403308,0.0,0,0.0,0.4300730547427162,0.1290219164228148,Liverpool Street,liverpool street,0.018450184501845,0.2724235797913536,0.1002589715131335,0.7687309790466815,0.6666666666666667,0.7678796266730732,0.5564053977835186
stratford,2,251,13.407043824701196,0.5,20,0.9090909090909092,0.0263838710655172,0.4806424340469278,Stratford,stratford,0.011070110701107,0.2221989886565535,0.0827228327228327,0.6270060991928724,0.3333333333333333,0.5408177686739206,0.5243624464771812
wembley park,2,267,15.541015459998311,0.5,4,0.1818181818181818,0.578828152502935,0.4281939002963351,Wembley Park,wembley park,0.018450184501845,0.1821017374194905,0.0982596084118926,0.5138587746325096,0.6666666666666667,0.7419914248282178,0.5187208907384887
bank,1,271,14.496077627442942,0.0,0,0.0,0.3083138117757912,0.0924941435327373,Bank,bank,0.018450184501845,0.2527556831123866,0.1052836052836052,0.7132316662434689,0.6666666666666667,0.8329397116399887,0.517697409514889
camden town,3,251,13.66782470119522,1.0,20,0.9090909090909092,0.0938950326687977,0.7008957825279121,Camden Town,camden town,0.014760147601476,0.1399207325406587,0.0953553835327234,0.39483146722207235,0.5,0.7043868697435911,0.5076844683694098
euston,2,249,13.731020857624044,0.5,22,1.0,0.1102553041224846,0.5330765912367453,Euston,euston,0.014760147601476,0.1753983873172064,0.1037122081898201,0.4949431106838593,0.5,0.8125929096423529,0.5073945327129532
finchley road,1,271,16.40489271559382,0.0,0,0.0,0.8024693864461137,0.2407408159338341,Finchley Road,finchley road,0.018450184501845,0.2089433391688414,0.105859375,0.5896010096026357,0.6666666666666667,0.8403949070594364,0.5003560829148015
westminster,1,271,14.378297116304497,0.0,0,0.0,0.2778226989760887,0.0833468096928266,Westminster,westminster,0.014760147601476,0.2584554234431233,0.1126350789692435,0.7293153215867945,0.5,0.9281282416837955,0.4896617037012452
bond street,1,271,14.263468634686348,0.0,0,0.0,0.2480958099365088,0.0744287429809526,Bond Street,bond street,0.014760147601476,0.2433950725750643,0.1160102739726027,0.6868176850883074,0.5,0.9718310235639251,0.46573746543843947
mile end,1,271,14.792401257345906,0.0,0,0.0,0.3850263097710507,0.1155078929313152,Mile End,mile end,0.014760147601476,0.2330959865154209,0.0879584550470626,0.6577554926159105,0.5,0.6086097807546536,0.46353011418734985
paddington,2,258,13.844689771664706,0.5,13,0.5909090909090909,0.1396820033814099,0.4191773282871503,Paddington,paddington,0.014760147601476,0.161826340485627,0.1036328871892925,0.45664520395897834,0.5,0.8115658435376919,0.4540758004656342
edgware road (circle line),2,262,14.11099412125998,0.5,9,0.4090909090909091,0.2086230861129699,0.3853141985611637,Edgware Road (Circle Line),edgware road (circle line),0.011070110701107,0.1884401621793996,0.1090104585679807,0.5317446840498605,0.3333333333333333,0.8811958438113758,0.44813326825994604
turnham green,2,268,14.371569120688692,0.5,3,0.1363636363636363,0.2760809500971398,0.3237333759382328,Turnham Green,turnham green,0.018450184501845,0.1303122756095286,0.079031787693205,0.36771810754354295,0.6666666666666667,0.4930252898159549,0.41431239988657464
finsbury park,3,259,13.870521684475174,1.0,12,0.5454545454545454,0.1463693896028044,0.6075471805172049,Finsbury Park,finsbury park,0.014760147601476,0.0893535602022686,0.0892034233048058,0.2521398840298796,0.5,0.62472990897293,0.4083340961701013
harrow-on-the-hill,2,259,14.137948579809043,0.5,12,0.5454545454545454,0.215601077871796,0.4283166869979025,Harrow-On-The-Hill,harrow-on-the-hill,0.011070110701107,0.1501624180262966,0.0822957789249924,0.4237316854649004,0.3333333333333333,0.5352881803213897,0.4070275154984876
oxford circus,1,271,14.147710810441438,0.0,0,0.0,0.2181283319354088,0.0654384995806226,Oxford Circus,oxford circus,0.022140221402214,0.1443966106327731,0.1144425675675675,0.4074616005992195,0.8333333333333334,0.9515320094319573,0.3900290168404632
bethnal green,1,271,14.433374333743338,0.0,0,0.0,0.292081133019115,0.0876243399057345,Bethnal Green,bethnal green,0.007380073800738,0.233617147282584,0.0936743864500518,0.6592261157796206,0.16666666666666669,0.6826209425091603,0.389233693194864
stockwell,3,261,13.86657824933687,1.0,10,0.4545454545454545,0.1453485099644151,0.5799681893529609,Stockwell,stockwell,0.014760147601476,0.0749578606897179,0.0916779431664411,0.2115177756616517,0.5,0.6567705471178268,0.3797493446367141
leytonstone,2,253,13.30692013300709,0.5,18,0.8181818181818182,0.0004637697867994,0.4455936763905853,Leytonstone,leytonstone,0.011070110701107,0.1254475878092114,0.0724211651523249,0.3539908221949015,0.3333333333333333,0.407429466549916,0.377340180681293
acton town,2,260,13.632877932877934,0.5,11,0.5,0.0848479853733849,0.3754543956120154,Acton Town,acton town,0.014760147601476,0.1138847780012191,0.0754454342984409,0.32136262565245743,0.5,0.44658838172606763,0.3733176315098333
leyton,2,252,13.305128691582874,0.5,19,0.8636363636363636,0.0,0.4590909090909091,Leyton,leyton,0.007380073800738,0.1308733087330873,0.0772519954389965,0.3693012434184963,0.16666666666666669,0.4699801405430373,0.3557112277698542
west ham,2,259,13.468917422405797,0.5,12,0.5454545454545454,0.0424017574602939,0.3763568908744518,West Ham,west ham,0.014760147601476,0.0918199626440708,0.0772299800512966,0.2590996338623348,0.5,0.46969508036556673,0.34245688419350295
victoria,1,271,14.137242039087058,0.0,0,0.0,0.2154181680453446,0.0646254504136033,Victoria,victoria,0.014760147601476,0.1500793759260344,0.1111566858080393,0.4234973554003533,0.5,0.9089856754638055,0.33113631282425765
notting hill gate,1,271,14.56487631542982,0.0,0,0.0,0.3261244710742016,0.0978373413222604,Notting Hill Gate,notting hill gate,0.014760147601476,0.1399526217484397,0.0974119338605319,0.39492145290516656,0.5,0.7310155446237901,0.32681192884926136
south kensington,1,271,14.26560065600656,0.0,0,0.0,0.2486477493188194,0.0745943247956458,South Kensington,south kensington,0.011070110701107,0.1533955064418369,0.0998158379373849,0.43285488700614105,0.3333333333333333,0.7621418337498707,0.3054724076084309
gloucester road,1,271,14.263031296979635,0.0,0,0.0,0.2479825916016758,0.0743947774805027,Gloucester Road,gloucester road,0.011070110701107,0.1505528113482192,0.096201632942847,0.4248333061131743,0.3333333333333333,0.7153442968996554,0.3014017529674047
barons court,1,271,14.629984966516332,0.0,0,0.0,0.3429798506724592,0.1028939552017377,Barons Court,barons court,0.011070110701107,0.1403710428638677,0.0872785829307568,0.39610216301096257,0.3333333333333333,0.5998066441134453,0.29558593473266925
moor park,3,264,13.646301417213964,1.0,7,0.3181818181818182,0.0883230677201904,0.5219514657706026,Moor Park,moor park,0.011070110701107,0.0507858411917452,0.0595211948166044,0.14330862787626683,0.3333333333333333,0.24039775748390868,0.29490642033598086
hammersmith (distandpicc line),1,271,14.58537652043187,0.0,0,0.0,0.3314315805194965,0.0994294741558489,Hammersmith (Distandpicc Line),hammersmith (distandpicc line),0.011070110701107,0.1365443379301518,0.0827986556675832,0.38530388103966184,0.3333333333333333,0.5417995411678482,0.2891474494332522
preston road,1,271,15.416618832854995,0.0,0,0.0,0.546624254307325,0.1639872762921974,Preston Road,preston road,0.007380073800738,0.1444633610357267,0.0916779431664411,0.4076499583862128,0.16666666666666669,0.6567705471178268,0.28635449541409896
rayners lane,2,265,14.000485991995426,0.5,6,0.2727272727272727,0.180014653341533,0.3358225778206417,Rayners Lane,rayners lane,0.011070110701107,0.0791975417108668,0.0744914788345244,0.22348140283639775,0.3333333333333333,0.4342363524295653,0.27915414143105804
northwick park,1,271,15.34492278256116,0.0,0,0.0,0.5280635235406461,0.1584190570621938,Northwick Park,northwick park,0.007380073800738,0.1396526462619123,0.0864433811802232,0.39407497533657715,0.16666666666666669,0.588992264531482,0.2778965381202801
warwick avenue,2,259,13.703720331627308,0.5,12,0.5454545454545454,0.1031877221463864,0.3945926802802796,Warwick Avenue,warwick avenue,0.007380073800738,0.0849528495284952,0.094722125131073,0.23972185976288335,0.16666666666666669,0.696187297934098,0.2715720672988589
finchley central,3,266,13.774237480493689,1.0,5,0.2272727272727272,0.1214432579698879,0.5046147955727845,Finchley Central,finchley central,0.011070110701107,0.0364630312969796,0.0619853613906678,0.10289220106939717,0.3333333333333333,0.2723043389393263,0.2694972058732006
kennington,2,269,14.105282139488432,0.5,2,0.0909090909090909,0.2071443637095543,0.2894160363855936,Kennington,kennington,0.014760147601476,0.051670766707667,0.0994130594277329,0.14580573058213012,0.5,0.7569265672731765,0.25972767620674314
maida vale,2,260,13.68096228096228,0.5,11,0.5,0.0972960998124247,0.3791888299437274,Maida Vale,maida vale,0.007380073800738,0.078174115074484,0.0871662914120296,0.22059347455657866,0.16666666666666669,0.5983526683446263,0.2573867195947409
north harrow,2,260,13.60947430947431,0.5,11,0.5,0.0787892366532095,0.3736367709959628,North Harrow,north harrow,0.007380073800738,0.078174115074484,0.0765320530923468,0.22059347455657866,0.16666666666666669,0.4606581655725286,0.25572110191041153
plaistow,2,260,13.45001485001485,0.5,11,0.5,0.0375082444214572,0.3612524733264372,Plaistow,plaistow,0.007380073800738,0.078174115074484,0.072132020228906,0.22059347455657866,0.16666666666666669,0.4036855532331013,0.2520058126095538
north acton,2,264,13.76788800553059,0.5,7,0.3181818181818182,0.1197995008198523,0.3313943957005011,North Acton,north acton,0.011070110701107,0.06074438522163,0.071959638874137,0.1714098711968195,0.3333333333333333,0.4014535207904802,0.25178992097522673
warren street,1,271,14.116550498838322,0.0,0,0.0,0.21006152557856,0.063018457673568,Warren Street,warren street,0.011070110701107,0.1153100086556419,0.1066089693154996,0.3253843735392626,0.3333333333333333,0.8501008223728508,0.24826439073836837
kentish town,2,261,13.782434423813736,0.5,10,0.4545454545454545,0.1235652892038206,0.3734332231247825,Kentish Town,kentish town,0.007380073800738,0.071340713407134,0.0876455368693402,0.2013108281792553,0.16666666666666669,0.6045580460093368,0.24601871436039574
woodford,2,266,13.813448716129948,0.5,5,0.2272727272727272,0.1315942939710441,0.3076601063731314,Woodford,woodford,0.011070110701107,0.0610496104961049,0.060410164957646,0.17227116273500642,0.3333333333333333,0.2519083422451514,0.24510027994610928
kilburn park,2,261,13.665811965811963,0.5,10,0.4545454545454545,0.0933739741251257,0.3643758286011741,Kilburn Park,kilburn park,0.007380073800738,0.071340713407134,0.0806787734444775,0.2013108281792553,0.16666666666666669,0.5143508307034909,0.24330149600331324
pinner,2,261,13.607928087238433,0.5,10,0.4545454545454545,0.0783889494057538,0.3598803211853625,Pinner,pinner,0.007380073800738,0.071340713407134,0.0714850962806647,0.2013108281792553,0.16666666666666669,0.39530903686148916,0.24195284377856974
south ealing,2,261,13.524432655467136,0.5,10,0.4545454545454545,0.0567735853375346,0.3533957119648968,South Ealing,south ealing,0.007380073800738,0.071340713407134,0.0705361790733992,0.2013108281792553,0.16666666666666669,0.3830222440420662,0.24000746101243003
moorgate,1,271,14.152357523575237,0.0,0,0.0,0.2193312767430087,0.0657993830229026,Moorgate,moorgate,0.014760147601476,0.0848457929023734,0.100333209922251,0.23941976496963868,0.5,0.768840882244251,0.23944969739169011
upton park,2,261,13.455732390215148,0.5,10,0.4545454545454545,0.0389884057953469,0.3480601581022404,Upton Park,upton park,0.007380073800738,0.071340713407134,0.0676316446219116,0.2013108281792553,0.16666666666666669,0.34541368054563126,0.23840679485363309
tufnell park,2,262,13.766166535053085,0.5,9,0.4090909090909091,0.1193538451676257,0.3585334262775604,Tufnell Park,tufnell park,0.007380073800738,0.0644526445264452,0.0810406698564593,0.18187392063091343,0.16666666666666669,0.519036746610661,0.23183032153205818
queens park,2,262,13.658126407534146,0.5,9,0.4090909090909091,0.0913843306593896,0.3501425719250896,Queens Park,queens park,0.007380073800738,0.0644526445264452,0.0750484630296316,0.18187392063091343,0.16666666666666669,0.4414483087062318,0.22931306522631692
northwood hills,2,262,13.613641016641806,0.5,9,0.4090909090909091,0.0798679171328527,0.3466876478671286,Northwood Hills,northwood hills,0.007380073800738,0.0644526445264452,0.0670294335889191,0.18187392063091343,0.16666666666666669,0.33761611702871286,0.22827658800892864
chalfont and latimer,3,269,13.81648449203795,1.0,2,0.0909090909090909,0.1323801980629082,0.4669867866915997,Chalfont And Latimer,chalfont and latimer,0.011070110701107,0.0147328139948066,0.0507015902712815,0.04157338558950905,0.3333333333333333,0.1261995398017801,0.2275493954689011
northfields,2,262,13.53201134801556,0.5,9,0.4090909090909091,0.0587355633178865,0.3403479417226387,Northfields,northfields,0.007380073800738,0.0644526445264452,0.0661944308744504,0.18187392063091343,0.16666666666666669,0.3268043146103571,0.22637467616558166
east ham,2,262,13.468602848702876,0.5,9,0.4090909090909091,0.042320320368819,0.3354233688379184,East Ham,east ham,0.007380073800738,0.0644526445264452,0.0636299600845268,0.18187392063091343,0.16666666666666669,0.2935989716721116,0.22489730430016558
paddington (handc line)-underground,2,263,13.95164426900415,0.5,8,0.3636363636363636,0.1673704690816407,0.3593020498154012,Paddington (Handc Line)-Underground,paddington (handc line)-underground,0.007380073800738,0.0575099084324176,0.0989051094890511,0.16228275191155295,0.16666666666666669,0.7503495175459334,0.2222653242337302
chalk farm,2,263,13.858648013235422,0.5,8,0.3636363636363636,0.1432955241082636,0.3520795663233882,Chalk Farm,chalk farm,0.007380073800738,0.0575099084324176,0.087532299741602,0.16228275191155295,0.16666666666666669,0.6030918262829656,0.22009857918612627
clapham north,2,263,13.828868313354423,0.5,8,0.3636363636363636,0.135586131616789,0.3497667485759458,Clapham North,clapham north,0.007380073800738,0.0575099084324176,0.084423676012461,0.16228275191155295,0.16666666666666669,0.5628406690470629,0.21940473386189355
archway,2,263,13.757350593562244,0.5,8,0.3636363636363636,0.1170715671928184,0.3442123792487546,Archway,archway,0.007380073800738,0.0575099084324176,0.075319622012229,0.16228275191155295,0.16666666666666669,0.4449593360274674,0.2177384230637362
kensal green,2,263,13.657765651757469,0.5,8,0.3636363636363636,0.0912909379157723,0.3364781904656407,Kensal Green,kensal green,0.007380073800738,0.0575099084324176,0.0701164294954721,0.16228275191155295,0.16666666666666669,0.37758723236713576,0.21541816642880202
northwood,2,263,13.626476649348389,0.5,8,0.3636363636363636,0.083190815980285,0.3340481538849946,Northwood,northwood,0.007380073800738,0.0575099084324176,0.0630672562252734,0.16228275191155295,0.16666666666666669,0.2863129559012944,0.2146891554546082
boston manor,2,263,13.546686790700374,0.5,8,0.3636363636363636,0.0625347536420161,0.3278513351835139,Boston Manor,boston manor,0.007380073800738,0.0575099084324176,0.062327506899724,0.16228275191155295,0.16666666666666669,0.2767345157257542,0.21283010984416398
barking,2,263,13.488491568223376,0.5,8,0.3636363636363636,0.0474691279642322,0.3233316474801787,Barking,barking,0.007380073800738,0.0575099084324176,0.0600487480611566,0.16228275191155295,0.16666666666666669,0.24722863521212085,0.21147420353316343
royal oak,2,264,13.923839151976036,0.5,7,0.3181818181818182,0.1601722581763012,0.3435062229074358,Royal Oak,royal oak,0.007380073800738,0.0505125051250512,0.0904539385847797,0.1425373220211739,0.16666666666666669,0.6409218612791157,0.20765386121615104
west brompton,2,264,13.88305104274686,0.5,7,0.3181818181818182,0.1496129998798971,0.3403384454185146,West Brompton,west brompton,0.007380073800738,0.0505125051250512,0.0854081311062086,0.1425373220211739,0.16666666666666669,0.5755876143909658,0.20670352796947467
manor house,2,264,13.85516764604217,0.5,7,0.3181818181818182,0.142394523869361,0.3381729026153537,Manor House,manor house,0.007380073800738,0.0505125051250512,0.0822707953855494,0.1425373220211739,0.16666666666666669,0.5349646878494632,0.20605386512852641
belsize park,2,264,13.841802050927528,0.5,7,0.3181818181818182,0.1389344279304265,0.3371348738336734,Belsize Park,belsize park,0.007380073800738,0.0505125051250512,0.0808472553699284,0.1425373220211739,0.16666666666666669,0.5165323724607512,0.20574245649402229
clapham common,2,264,13.815531743288398,0.5,7,0.3181818181818182,0.132133549705624,0.3350946103662326,Clapham Common,clapham common,0.007380073800738,0.0505125051250512,0.0781881130986728,0.1425373220211739,0.16666666666666669,0.48210120194963857,0.20513037745379006
highgate,2,264,13.755847447862656,0.5,7,0.3181818181818182,0.1166824316334845,0.3304592749445908,Highgate,highgate,0.007380073800738,0.0505125051250512,0.070316554229372,0.1425373220211739,0.16666666666666669,0.38017849230492945,0.20373977682729755
willesden junction,2,264,13.664592695010946,0.5,7,0.3181818181818182,0.0930583283262756,0.3233720439524281,Willesden Junction,willesden junction,0.007380073800738,0.0505125051250512,0.0657607376850279,0.1425373220211739,0.16666666666666669,0.3211887579265608,0.2016136075296487
osterley,2,264,13.568325843991245,0.5,7,0.3181818181818182,0.0681366890419662,0.3158955521671353,Osterley,osterley,0.007380073800738,0.0505125051250512,0.0588618592528236,0.1425373220211739,0.16666666666666669,0.2318605327306584,0.19937065999406087
upney,2,264,13.515266735799056,0.5,7,0.3181818181818182,0.0544007047326612,0.3117747568743438,Upney,upney,0.007380073800738,0.0505125051250512,0.0568253302579157,0.1425373220211739,0.16666666666666669,0.2054910985591693,0.19813442140622342
sloane square,1,271,14.03463167965013,0.0,0,0.0,0.1888543162351603,0.0566562948705481,Sloane Square,sloane square,0.007380073800738,0.1014938900711757,0.1045121480910142,0.286397739657584,0.16666666666666669,0.8229507108906671,0.1935290916232898
westbourne park,2,265,13.90360205831904,0.5,6,0.2727272727272727,0.1549332632061718,0.3282981607800334,Westbourne Park,westbourne park,0.007380073800738,0.043460434604346,0.0832821143208358,0.12263763095977624,0.16666666666666669,0.5480594722385365,0.19314159704723147
fulham broadway,2,265,13.86818181818182,0.5,6,0.2727272727272727,0.1457636431478325,0.3255472747625315,Fulham Broadway,fulham broadway,0.007380073800738,0.043460434604346,0.0789857184494316,0.12263763095977624,0.16666666666666669,0.49242877491533205,0.1923163312419809
turnpike lane,2,265,13.84396798170383,0.5,6,0.2727272727272727,0.1394951458198148,0.3236667255641262,Turnpike Lane,turnpike lane,0.007380073800738,0.043460434604346,0.076295045045045,0.12263763095977624,0.16666666666666669,0.45758933222074977,0.1917521664824593
hampstead,2,265,13.83236134934248,0.5,6,0.2727272727272727,0.1364904115634097,0.3227653052872047,Hampstead,hampstead,0.007380073800738,0.043460434604346,0.0750692520775623,0.12263763095977624,0.16666666666666669,0.44171748996133176,0.19148174039938287
clapham south,2,265,13.809548313321898,0.5,6,0.2727272727272727,0.1305845545766826,0.3209935481911866,Clapham South,clapham south,0.007380073800738,0.043460434604346,0.0727712137486573,0.12263763095977624,0.16666666666666669,0.41196197428287223,0.19095021327057743
east finchley,2,265,13.76152086906804,0.5,6,0.2727272727272727,0.1181511714467311,0.3172635332522011,East Finchley,east finchley,0.007380073800738,0.043460434604346,0.0659046692607003,0.12263763095977624,0.16666666666666669,0.3230524162488248,0.18983120878888177
hanger lane,2,265,13.749514008004574,0.5,6,0.2727272727272727,0.115042825664243,0.3163310295174547,Hanger Lane,hanger lane,0.007380073800738,0.043460434604346,0.0673459244532803,0.12263763095977624,0.16666666666666669,0.34171411172189825,0.18955145766845785
harlesden,2,265,13.678473413379074,0.5,6,0.2727272727272727,0.0966517797845223,0.3108137157535385,Harlesden,harlesden,0.007380073800738,0.043460434604346,0.0618862754053436,0.12263763095977624,0.16666666666666669,0.2710213513786991,0.18789626353928301
high street kensington,1,271,14.136039360393603,0.0,0,0.0,0.2151068176245537,0.0645320452873661,High Street Kensington,high street kensington,0.011070110701107,0.0713543802104687,0.0947883875480937,0.20134939347201,0.3333333333333333,0.6970452785707791,0.1867009769888815
highbury and islington,1,271,14.170671040043734,0.0,0,0.0,0.2240722945141393,0.0672216883542417,Highbury And Islington,highbury and islington,0.007380073800738,0.0942736094027607,0.0969241773962804,0.2660233894215526,0.16666666666666669,0.7246999645323906,0.18651153455038216
hounslow east,2,265,13.596798170383076,0.5,6,0.2727272727272727,0.0755076276403126,0.3044704701102756,Hounslow East,hounslow east,0.007380073800738,0.043460434604346,0.055738379267791,0.12263763095977624,0.16666666666666669,0.19141701336156353,0.18599328984630414
becontree,2,265,13.548799313893651,0.5,6,0.2727272727272727,0.0630816453336522,0.3007426754182775,Becontree,becontree,0.007380073800738,0.043460434604346,0.0539088919832902,0.12263763095977624,0.16666666666666669,0.16772840169099798,0.1848749514387047
hatton cross,2,268,13.721952037564984,0.5,3,0.1363636363636363,0.1079075607419522,0.2732813591316766,Hatton Cross,hatton cross,0.011070110701107,0.0219762197621976,0.0479815864022662,0.06201299074947175,0.3333333333333333,0.09098031967305388,0.17965756978090552
ladbroke grove,2,266,13.890793020286566,0.5,5,0.2272727272727272,0.1516172492092148,0.3136669929445826,Ladbroke Grove,ladbroke grove,0.007380073800738,0.036353696870302,0.0771200910643141,0.10258367872736,0.16666666666666669,0.4682722131166093,0.17872527058038812
parsons green,2,266,13.86066108667896,0.5,5,0.2272727272727272,0.1438166701692523,0.3113268192325939,Parsons Green,parsons green,0.007380073800738,0.036353696870302,0.0734218369005689,0.10258367872736,0.16666666666666669,0.4203863887732515,0.1780232184667915
wood green,2,266,13.840062420201448,0.5,5,0.2272727272727272,0.1384840709385436,0.3097270394633813,Wood Green,wood green,0.007380073800738,0.036353696870302,0.0710912906610703,0.10258367872736,0.16666666666666669,0.3902099533776684,0.17754328453602775
golders green,2,266,13.830188679245284,0.5,5,0.2272727272727272,0.1359279489932456,0.3089602028797918,Golders Green,golders green,0.007380073800738,0.036353696870302,0.0700258397932816,0.10258367872736,0.16666666666666669,0.3764142565860395,0.17731323356095086
eastcote,2,266,13.825422045680238,0.5,5,0.2272727272727272,0.1346939590886185,0.3085900059084037,Eastcote,eastcote,0.007380073800738,0.036353696870302,0.0695228322216521,0.10258367872736,0.16666666666666669,0.36990120173584606,0.17720217446953446
balham,2,266,13.81078167115903,0.5,5,0.2272727272727272,0.1309038472386933,0.3074529723534261,Balham,balham,0.007380073800738,0.036353696870302,0.0680220883534136,0.10258367872736,0.16666666666666669,0.3504692335484395,0.17686106440304117
bayswater,1,271,14.18135848025147,0.0,0,0.0,0.2268390675716199,0.068051720271486,Bayswater,bayswater,0.007380073800738,0.0865176985103184,0.0979400072280448,0.24413758578329053,0.16666666666666669,0.7378531570207488,0.1758176423064244
perivale,2,266,13.759710597247835,0.5,5,0.2272727272727272,0.1176825268319778,0.3034865762314115,Perivale,perivale,0.007380073800738,0.036353696870302,0.0632586367880485,0.10258367872736,0.16666666666666669,0.2887909943502528,0.1756711455664368
stonebridge park,2,266,13.69927649311959,0.5,5,0.2272727272727272,0.1020372976840305,0.2987930074870273,Stonebridge Park,stonebridge park,0.007380073800738,0.036353696870302,0.0584177624488036,0.10258367872736,0.16666666666666669,0.2261102677117684,0.17426307494312154
hounslow central,2,266,13.631976166832176,0.5,5,0.2272727272727272,0.0846145354591808,0.2935661788195724,Hounslow Central,hounslow central,0.007380073800738,0.036353696870302,0.052909019914096,0.10258367872736,0.16666666666666669,0.15478183389134853,0.17269502634288506
dagenham heathway,2,266,13.588962973471414,0.5,5,0.2272727272727272,0.0734792456055246,0.2902255918634756,Dagenham Heathway,dagenham heathway,0.007380073800738,0.036353696870302,0.0512578021562322,0.10258367872736,0.16666666666666669,0.13340149603332915,0.17169285025605602
london bridge,1,271,14.111849118491184,0.0,0,0.0,0.2088444284791054,0.0626533285437316,London Bridge,london bridge,0.014760147601476,0.0348526263040408,0.0958274398868458,0.09834792407314134,0.5,0.7104991612878748,0.16796996059969016
west harrow,1,271,14.509935766024329,0.0,0,0.0,0.3119014177608106,0.0935704253282432,West Harrow,west harrow,0.007380073800738,0.0752546689488058,0.078052995391705,0.21235531587668202,0.16666666666666669,0.48035166757610465,0.16758211887014732
great portland street,1,271,14.103102364356976,0.0,0,0.0,0.2065800617824462,0.0619740185347338,Great Portland Street,great portland street,0.007380073800738,0.0804254931438202,0.1087043722422783,0.2269464637830273,0.16666666666666669,0.8772325694182376,0.1653987707852671
latimer road,2,267,13.88527498521585,0.5,4,0.1818181818181818,0.1501887358826241,0.2996020753102418,Latimer Road,latimer road,0.007380073800738,0.0291922919229192,0.0717690677966101,0.08237546532392517,0.16666666666666669,0.39898596373806383,0.16440168858836846
snaresbrook,1,271,14.44553778871122,0.0,0,0.0,0.2952300179566567,0.088569005386997,Snaresbrook,snaresbrook,0.007380073800738,0.0737187371873718,0.0679197994987468,0.20802118911856385,0.16666666666666669,0.34914477451723613,0.16391462950871435
putney bridge,2,267,13.860353130016051,0.5,4,0.1818181818181818,0.1437369461023804,0.2976665383761687,Putney Bridge,putney bridge,0.007380073800738,0.0291922919229192,0.0685555274475082,0.08237546532392517,0.16666666666666669,0.35737632257658397,0.16382102750814653
bounds green,2,267,13.843316155557432,0.5,4,0.1818181818181818,0.1393264005463949,0.296343374709373,Bounds Green,bounds green,0.007380073800738,0.0291922919229192,0.0665193912616593,0.08237546532392517,0.16666666666666669,0.33101197458488857,0.16342407840810783
embankment,1,271,14.107694410277436,0.0,0,0.0,0.2077688542981923,0.0623306562894577,Embankment,embankment,0.014760147601476,0.0315794269053801,0.1051610399689561,0.08911153645840335,0.5,0.8313527084574027,0.16325496511603899
brent cross,2,267,13.83514967193264,0.5,4,0.1818181818181818,0.1372122547426992,0.2957091309682643,Brent Cross,brent cross,0.007380073800738,0.0291922919229192,0.0655856727976766,0.08237546532392517,0.16666666666666669,0.318921978502211,0.1632338052857752
euston square,1,271,14.095093617602842,0.0,0,0.0,0.2045067510258175,0.0613520253077452,Euston Square,euston square,0.007380073800738,0.0789677007881189,0.1063579277864992,0.22283283255586508,0.16666666666666669,0.8468502803526596,0.16315535720358945
ruislip manor,2,267,13.83120723156205,0.5,4,0.1818181818181818,0.1361916326305701,0.2954029443346256,Ruislip Manor,ruislip manor,0.007380073800738,0.0291922919229192,0.0651442307692307,0.08237546532392517,0.16666666666666669,0.313206088112858,0.1631419492956836
tooting bec,2,267,13.81909830756667,0.5,4,0.1818181818181818,0.1330568647147458,0.2944625139598783,Tooting Bec,tooting bec,0.007380073800738,0.0291922919229192,0.0638247762600094,0.08237546532392517,0.16666666666666669,0.2961214952049337,0.16285982018325942
ealing common,1,271,14.225228918955857,0.0,0,0.0,0.2381962817845515,0.0714588845353654,Ealing Common,ealing common,0.011070110701107,0.05279416709511,0.0718642269954919,0.14897576703918677,0.3333333333333333,0.4002181063871493,0.16259221554686967
greenford,2,267,13.77685787502464,0.5,4,0.1818181818181818,0.1221216277990791,0.2911819428851783,Greenford,greenford,0.007380073800738,0.0291922919229192,0.0596128464584249,0.08237546532392517,0.16666666666666669,0.24158448349750214,0.16187564886084943
buckhurst hill,2,267,13.748415983779674,0.5,4,0.1818181818181818,0.1147585682758633,0.2889730250282136,Buckhurst Hill,buckhurst hill,0.007380073800738,0.0291922919229192,0.0570766638584667,0.08237546532392517,0.16666666666666669,0.20874542238730248,0.16121297350376002
rickmansworth,2,267,13.746416603306018,0.5,4,0.1818181818181818,0.1142409670618551,0.2888177446640111,Rickmansworth,rickmansworth,0.007380073800738,0.0291922919229192,0.056282450674974,0.08237546532392517,0.16666666666666669,0.19846177196415357,0.16116638939449926
wembley central,2,267,13.72687336318324,0.5,4,0.1818181818181818,0.1091815974488732,0.2872999337801165,Wembley Central,wembley central,0.007380073800738,0.0291922919229192,0.0552948377882064,0.08237546532392517,0.16666666666666669,0.18567393880800925,0.16071104612933085
hounslow west,2,267,13.673734899045366,0.5,4,0.1818181818181818,0.095425069408964,0.2831729753681438,Hounslow West,hounslow west,0.007380073800738,0.0291922919229192,0.050334323922734,0.08237546532392517,0.16666666666666669,0.1214440927516071,0.15947295860573907
dagenham east,2,267,13.635634028892456,0.5,4,0.1818181818181818,0.0855614857110327,0.2802139002587643,Dagenham East,dagenham east,0.007380073800738,0.0291922919229192,0.0488376284015137,0.08237546532392517,0.16666666666666669,0.10206454346934103,0.1585852360729252
holland park,1,271,14.289052890528906,0.0,0,0.0,0.2547190825242371,0.0764157247572711,Holland Park,holland park,0.007380073800738,0.0711721561660061,0.0897350993377483,0.20083518956861487,0.16666666666666669,0.631614169489864,0.1566756455448221
heathrow terminals 2 and 3,2,270,13.837284868511636,0.5,1,0.0454545454545454,0.1377650161385393,0.2549658684779254,Heathrow Terminals 2 And 3,heathrow terminals 2 and 3,0.011070110701107,0.007380073800738,0.0458157227387996,0.020825258087509173,0.3333333333333333,0.0629362312063509,0.15356905625379888
kingsbury,2,268,14.000726703560847,0.5,3,0.1363636363636363,0.1800769689438556,0.2949321815922476,Kingsbury,kingsbury,0.007380073800738,0.0219762197621976,0.0896757114493712,0.06201299074947175,0.16666666666666669,0.6308452017918547,0.1528194831857435
south woodford,1,271,14.370971709717097,0.0,0,0.0,0.2759262918676363,0.0827778875602909,South Woodford,south woodford,0.007380073800738,0.0669400027333606,0.0639452571967909,0.18889280391225913,0.16666666666666669,0.29768150939541305,0.15261310155755017
seven sisters,2,268,13.969422550170496,0.5,3,0.1363636363636363,0.171972924710235,0.2925009683221614,Seven Sisters,seven sisters,0.007380073800738,0.0219762197621976,0.0820714718352513,0.06201299074947175,0.16666666666666669,0.532383801816632,0.15209011920471763
wood lane,2,268,13.886913745877354,0.5,3,0.1363636363636363,0.1506129795516207,0.2860929847745771,Wood Lane,wood lane,0.007380073800738,0.0219762197621976,0.067079207920792,0.06201299074947175,0.16666666666666669,0.338260606241012,0.15016772414044235
east putney,2,268,13.86712504891274,0.5,3,0.1363636363636363,0.1454900658753679,0.2845561106717013,East Putney,east putney,0.007380073800738,0.0219762197621976,0.0642636945695992,0.06201299074947175,0.16666666666666669,0.30180470791652725,0.1497066619095796
arnos grove,2,268,13.853597182626196,0.5,3,0.1363636363636363,0.1419879610458391,0.2835054792228426,Arnos Grove,arnos grove,0.007380073800738,0.0219762197621976,0.0624711848778238,0.06201299074947175,0.16666666666666669,0.27859489040977214,0.149391472474922
hendon central,2,268,13.84711275085248,0.5,3,0.1363636363636363,0.1403092661688748,0.2830018707597533,Hendon Central,hendon central,0.007380073800738,0.0219762197621976,0.0616469517743403,0.06201299074947175,0.16666666666666669,0.26792253532982235,0.1492403899359952
ruislip,2,268,13.843982335513443,0.5,3,0.1363636363636363,0.1394988617455124,0.2827587494327446,Ruislip,ruislip,0.007380073800738,0.0219762197621976,0.06125678119349,0.06201299074947175,0.16666666666666669,0.26287051914291365,0.1491674535378926
tooting broadway,2,268,13.834367488400693,0.5,3,0.1363636363636363,0.1370097624451861,0.2820120196426467,Tooting Broadway,tooting broadway,0.007380073800738,0.0219762197621976,0.0600886917960088,0.06201299074947175,0.16666666666666669,0.24774583564942482,0.14894343460086323
west finchley,2,268,13.820280619375035,0.5,3,0.1363636363636363,0.133362942540057,0.280917973671108,West Finchley,west finchley,0.007380073800738,0.0219762197621976,0.0584555651423641,0.06201299074947175,0.16666666666666669,0.2265997454662424,0.1486152208094016
northolt,2,268,13.800827324053888,0.5,3,0.1363636363636363,0.1283268579091641,0.2794071482818401,Northolt,northolt,0.007380073800738,0.0219762197621976,0.0563409563409563,0.06201299074947175,0.16666666666666669,0.19921931644873345,0.14816197319262125
loughton,2,268,13.778243613393704,0.5,3,0.1363636363636363,0.1224803688549092,0.2776532015655636,Loughton,loughton,0.007380073800738,0.0219762197621976,0.0540702314445331,0.06201299074947175,0.16666666666666669,0.169817461219807,0.14763578917773829
chorleywood,2,268,13.778159762982838,0.5,3,0.1363636363636363,0.1224586615935692,0.2776466893871616,Chorleywood,chorleywood,0.007380073800738,0.0219762197621976,0.0533569600315022,0.06201299074947175,0.16666666666666669,0.16058186299392754,0.1476338355242177
north wembley,2,268,13.761138129576835,0.5,3,0.1363636363636363,0.1180520875415382,0.2763247171715524,North Wembley,north wembley,0.007380073800738,0.0219762197621976,0.0524685382381413,0.06201299074947175,0.16666666666666669,0.14907837836143598,0.14723724385953493
shepherds bush (central),1,271,14.229000956676233,0.0,0,0.0,0.2391727899224855,0.0717518369767456,Shepherds Bush (Central),shepherds bush (central),0.007380073800738,0.065254430322081,0.0836419753086419,0.1841364178058529,0.16666666666666669,0.5527190330169819,0.14692709332928347
elm park,2,268,13.688691374587735,0.5,3,0.1363636363636363,0.0992970137437304,0.27069819503221,Elm Park,elm park,0.007380073800738,0.0219762197621976,0.0466196456218819,0.06201299074947175,0.16666666666666669,0.07334560499744254,0.1455492872177322
holborn,1,271,14.017165504988384,0.0,0,0.0,0.1843326589877692,0.0552997976963307,Holborn,holborn,0.014760147601476,0.019620019480618,0.103553687428353,0.05536421184906968,0.5,0.8105403472704087,0.14427204523343407
tottenham court road,1,271,14.008391417247504,0.0,0,0.0,0.1820612161451826,0.0546183648435547,Tottenham Court Road,tottenham court road,0.014760147601476,0.018700493089587,0.106650924832743,0.05276947161631191,0.5,0.8506440718197513,0.14277024526122237
white city,1,271,14.182998496651631,0.0,0,0.0,0.2272636363272433,0.068179090898173,White City,white city,0.007380073800738,0.0599927110382215,0.079031787693205,0.16928878009531395,0.16666666666666669,0.4930252898159549,0.1384314506504422
queensbury,2,269,13.980302946235366,0.5,2,0.0909090909090909,0.1747896503341324,0.279709622372967,Queensbury,queensbury,0.007380073800738,0.0147054803881372,0.0824209245742092,0.041496255003999755,0.16666666666666669,0.5369085942546663,0.1379943475472233
tottenham hale,2,269,13.956999389668756,0.5,2,0.0909090909090909,0.1687568069966512,0.2778997693717226,Tottenham Hale,tottenham hale,0.007380073800738,0.0147054803881372,0.0759529147982062,0.041496255003999755,0.16666666666666669,0.45315935305293586,0.13745139164685
gunnersbury,2,269,13.946429562226044,0.5,2,0.0909090909090909,0.1660204816257217,0.2770788717604438,Gunnersbury,gunnersbury,0.007380073800738,0.0147054803881372,0.0733423545331529,0.041496255003999755,0.16666666666666669,0.41935723325392865,0.13720512236346638
shepherds bush market,2,269,13.895577872718194,0.5,2,0.0909090909090909,0.1528559556285749,0.2731295139612997,Shepherds Bush Market,shepherds bush market,0.007380073800738,0.0147054803881372,0.0629354389224338,0.041496255003999755,0.16666666666666669,0.2846061559006152,0.13602031502372314
southfields,2,269,13.880846695888588,0.5,2,0.0909090909090909,0.1490423368045242,0.2719854283140845,Southfields,southfields,0.007380073800738,0.0147054803881372,0.0604505911220165,0.041496255003999755,0.16666666666666669,0.2524317892880559,0.13567708932955858
southgate,2,269,13.870776230372302,0.5,2,0.0909090909090909,0.1464352866479694,0.2712033132671181,Southgate,southgate,0.007380073800738,0.0147054803881372,0.0588618592528236,0.041496255003999755,0.16666666666666669,0.2318605327306584,0.13544245481546863
colindale,2,269,13.865949065083504,0.5,2,0.0909090909090909,0.1451856262423481,0.2708284151454317,Colindale,colindale,0.007380073800738,0.0147054803881372,0.0581295581295581,0.041496255003999755,0.16666666666666669,0.22237853354874623,0.13532998537896274
ickenham,2,269,13.863618709426843,0.5,2,0.0909090909090909,0.1445823419086001,0.2706474298453073,Ickenham,ickenham,0.007380073800738,0.0147054803881372,0.0577825159914712,0.041496255003999755,0.16666666666666669,0.21788495411143058,0.1352756897889254
colliers wood,2,269,13.856461188481385,0.5,2,0.0909090909090909,0.1427293971692307,0.2700915464234965,Colliers Wood,colliers wood,0.007380073800738,0.0147054803881372,0.0567420435510887,0.041496255003999755,0.16666666666666669,0.20441268359992928,0.13510892476238218
woodside park,2,269,13.845974588026412,0.5,2,0.0909090909090909,0.1400146176673644,0.2692771125729366,Woodside Park,woodside park,0.007380073800738,0.0147054803881372,0.0552835577315381,0.041496255003999755,0.16666666666666669,0.18552788210441737,0.1348645946072142
south ruislip,2,269,13.831493092160018,0.5,2,0.0909090909090909,0.1362656364505008,0.2681524182078775,South Ruislip,south ruislip,0.007380073800738,0.0147054803881372,0.0533884948778565,0.041496255003999755,0.16666666666666669,0.1609901832570453,0.13452718629769644
debden,2,269,13.814681240636965,0.5,2,0.0909090909090909,0.1319133708998887,0.2668467385426939,Debden,debden,0.007380073800738,0.0147054803881372,0.0513452065176203,0.041496255003999755,0.16666666666666669,0.1345332273073191,0.13413548239814138
south kenton,2,269,13.801947511513069,0.5,2,0.0909090909090909,0.1286168529333366,0.2658577831527283,South Kenton,south kenton,0.007380073800738,0.0147054803881372,0.0498987295157429,0.041496255003999755,0.16666666666666669,0.11580391867633445,0.1338387957811517
piccadilly circus,1,271,14.004400710673773,0.0,0,0.0,0.1810280988398317,0.0543084296519495,Piccadilly Circus,piccadilly circus,0.014760147601476,0.012078970260602,0.1084,0.03408470970618614,0.5,0.8732914893617028,0.13333488374867794
pimlico,1,271,14.089244225775593,0.0,0,0.0,0.2029924557974268,0.060897736739228,Pimlico,pimlico,0.007380073800738,0.057673910072434,0.1012327231976092,0.1627455354246087,0.16666666666666669,0.7804879818732015,0.1329754220674061
hornchurch,2,269,13.748016423458914,0.5,2,0.0909090909090909,0.1146551297808795,0.2616692662069911,Hornchurch,hornchurch,0.007380073800738,0.0147054803881372,0.0445797006086527,0.041496255003999755,0.16666666666666669,0.04693193945459679,0.13258224069743055
willesden green,1,271,13.996993303266366,0.0,0,0.0,0.1791104632935987,0.0537331389880796,Willesden Green,willesden green,0.014760147601476,0.0110245546899913,0.0970978144034396,0.031109336155414842,0.5,0.7269482554437734,0.1316746097741313
east acton,1,271,14.151045510455104,0.0,0,0.0,0.2189916217385098,0.0656974865215529,East Acton,east acton,0.007380073800738,0.0551819962644071,0.0750484630296316,0.15571379704567834,0.16666666666666669,0.4414483087062318,0.1308994778126384
hyde park corner,1,271,14.008309416427496,0.0,0,0.0,0.1820399877074015,0.0546119963122204,Hyde Park Corner,hyde park corner,0.007380073800738,0.0575323393445574,0.1098500202675314,0.16234604796347085,0.16666666666666669,0.8920666769910465,0.1308899562087349
vauxhall,1,271,14.068908022413558,0.0,0,0.0,0.1977278032276941,0.0593183409683082,Vauxhall,vauxhall,0.007380073800738,0.05292241811307,0.0949544498948843,0.14933766864357664,0.16666666666666669,0.6991954910808917,0.12579766994561412
knightsbridge,1,271,13.996774634413011,0.0,0,0.0,0.1790538541261822,0.0537161562378546,Knightsbridge,knightsbridge,0.007380073800738,0.0536600783997258,0.1033562166285278,0.1514192150163212,0.16666666666666669,0.807983451066229,0.1251577877128503
leicester square,1,271,13.996009293426267,0.0,0,0.0,0.1788557220402243,0.0536567166120673,Leicester Square,leicester square,0.014760147601476,0.0057032004182475,0.1016885553470919,0.016093419096014663,0.5,0.7863901987771036,0.12414372453162753
nine elms,2,270,13.998155032355776,0.5,1,0.0454545454545454,0.1794112126481861,0.2674597274308195,Nine Elms,nine elms,0.007380073800738,0.007380073800738,0.0905143620574482,0.020825258087509173,0.16666666666666669,0.6417042379547874,0.12398388060633378
marble arch,1,271,14.068990023233566,0.0,0,0.0,0.1977490316654752,0.0593247094996425,Marble Arch,marble arch,0.007380073800738,0.0512026786934536,0.1084867894315452,0.14448486930528368,0.16666666666666669,0.8744152583861726,0.12337318083586793
canons park,2,270,13.967203634861628,0.5,1,0.0454545454545454,0.1713984901427356,0.2650559106791843,Canons Park,canons park,0.007380073800738,0.007380073800738,0.0762092238470191,0.020825258087509173,0.16666666666666669,0.4564781001010398,0.12326273558084322
blackhorse road,2,270,13.951783009775577,0.5,1,0.0454545454545454,0.167406386403365,0.2638582795573732,Blackhorse Road,blackhorse road,0.007380073800738,0.007380073800738,0.0706465067778936,0.020825258087509173,0.16666666666666669,0.38445079190376175,0.12290344624429989
kew gardens,2,270,13.94478865482583,0.5,1,0.0454545454545454,0.1655956822072935,0.2633150682985517,Kew Gardens,kew gardens,0.007380073800738,0.007380073800738,0.0683825384809487,0.020825258087509173,0.16666666666666669,0.3551364226402264,0.12274048286665344
goldhawk road,2,270,13.91113864794162,0.5,1,0.0454545454545454,0.1568843415474527,0.2607016661005994,Goldhawk Road,goldhawk road,0.007380073800738,0.007380073800738,0.0592479230432881,0.020825258087509173,0.16666666666666669,0.23685937327459566,0.12195646220726775
wimbledon park,2,270,13.901390609940796,0.5,1,0.0454545454545454,0.1543607616836365,0.2599445921414546,Wimbledon Park,wimbledon park,0.007380073800738,0.007380073800738,0.0570406230267312,0.020825258087509173,0.16666666666666669,0.20827875761488268,0.1217293400195243
croxley,2,270,13.897535453669285,0.5,1,0.0454545454545454,0.153362735748794,0.2596451843610018,Croxley,croxley,0.007380073800738,0.007380073800738,0.0562124040655465,0.020825258087509173,0.16666666666666669,0.19755479275548388,0.12163951768538847
oakwood,2,270,13.89472669695718,0.5,1,0.0454545454545454,0.1526356025676943,0.2594270444066719,Oakwood,oakwood,0.007380073800738,0.007380073800738,0.055623973727422,0.020825258087509173,0.16666666666666669,0.18993566476640122,0.1215740756990895
burnt oak,2,270,13.891532424617926,0.5,1,0.0454545454545454,0.1518086667931104,0.2591789636742967,Burnt Oak,burnt oak,0.007380073800738,0.007380073800738,0.0549695740365111,0.020825258087509173,0.16666666666666669,0.18146235080207038,0.12149965147937694
hillingdon,2,270,13.88999036210932,0.5,1,0.0454545454545454,0.1514094564191733,0.2590592005621157,Hillingdon,hillingdon,0.007380073800738,0.007380073800738,0.0546591367486889,0.020825258087509173,0.16666666666666669,0.17744273917558656,0.12146372254572263
south wimbledon,2,270,13.885254027261462,0.5,1,0.0454545454545454,0.1501833102706524,0.2586913567175594,South Wimbledon,south wimbledon,0.007380073800738,0.007380073800738,0.0537272006344171,0.020825258087509173,0.16666666666666669,0.16537582135670473,0.12135336939235575
totteridge and whetstone,2,270,13.87831474597274,0.5,1,0.0454545454545454,0.1483868635879358,0.2581524227127444,Totteridge And Whetstone,totteridge and whetstone,0.007380073800738,0.007380073800738,0.0524177949709864,0.020825258087509173,0.16666666666666669,0.1484213431577963,0.12119168919091125
ruislip gardens,2,270,13.868731928954976,0.5,1,0.0454545454545454,0.145906056264184,0.2574081805156188,Ruislip Gardens,ruislip gardens,0.007380073800738,0.007380073800738,0.0507110778443113,0.020825258087509173,0.16666666666666669,0.12632238702520882,0.12096841653177356
theydon bois,2,270,13.85760704942861,0.5,1,0.0454545454545454,0.1430260385664952,0.2565441752063122,Theydon Bois,theydon bois,0.007380073800738,0.007380073800738,0.0488640461593941,0.020825258087509173,0.16666666666666669,0.10240660652325655,0.12070921493898158
kenton,2,270,13.849180779292304,0.5,1,0.0454545454545454,0.1408446390231966,0.2558897553433226,Kenton,kenton,0.007380073800738,0.007380073800738,0.0475522021407264,0.020825258087509173,0.16666666666666669,0.08542055595387375,0.1205128889800847
upminster bridge,2,270,13.813493046950295,0.5,1,0.0454545454545454,0.1316057703692246,0.253118094747131,Upminster Bridge,upminster bridge,0.007380073800738,0.007380073800738,0.0426973373247203,0.020825258087509173,0.16666666666666669,0.022558677484551384,0.11968139080122722
lancaster gate,1,271,14.047232472324724,0.0,0,0.0,0.1921164195075351,0.0576349258522605,Lancaster Gate,lancaster gate,0.007380073800738,0.0472529725297253,0.1025349981082103,0.13333949969919082,0.16666666666666669,0.7973501294852126,0.1172935609386069
queensway,1,271,14.039852398523983,0.0,0,0.0,0.190205860107229,0.0570617580321687,Queensway,queensway,0.007380073800738,0.0440822741560749,0.0982239942007973,0.12439235178011279,0.16666666666666669,0.7415302840355283,0.11264803663304035
south harrow,1,271,14.150444171108376,0.0,0,0.0,0.2188359465281145,0.0656507839584343,South Harrow,south harrow,0.007380073800738,0.0397027578741395,0.0712595319484617,0.11203413432426122,0.16666666666666669,0.39238837929936504,0.10904563568299423
aldgate east,1,271,13.997922645893125,0.0,0,0.0,0.1793510522551184,0.0538053156765355,Aldgate East,aldgate east,0.011070110701107,0.0185294519611862,0.091554054054054,0.05228682391674971,0.3333333333333333,0.6551664031052327,0.10895167332800218
farringdon,1,271,13.999835998359984,0.0,0,0.0,0.179846382470013,0.0539539147410038,Farringdon,farringdon,0.007380073800738,0.0416552776638877,0.1017649267743146,0.11754379854176664,0.16666666666666669,0.787379073145093,0.1082914070265178
angel,1,271,13.999835998359984,0.0,0,0.0,0.179846382470013,0.0539539147410038,Angel,angel,0.007380073800738,0.0416552776638877,0.1017649267743146,0.11754379854176664,0.16666666666666669,0.787379073145093,0.1082914070265178
wanstead,1,271,14.16673500068334,0.0,0,0.0,0.2230533295006426,0.0669159988501928,Wanstead,wanstead,0.007380073800738,0.0388683886838868,0.06775,0.10967969259421496,0.16666666666666669,0.34694617252543986,0.10824797928549867
barbican,1,271,13.995817958179584,0.0,0,0.0,0.1788061890187352,0.0536418567056205,Barbican,barbican,0.007380073800738,0.0401337068926244,0.0995591476855253,0.1132501959484159,0.16666666666666669,0.7588181507992233,0.10605098831922743
old street,1,271,13.995817958179584,0.0,0,0.0,0.1788061890187352,0.0536418567056205,Old Street,old street,0.007380073800738,0.0401337068926244,0.0995591476855253,0.1132501959484159,0.16666666666666669,0.7588181507992233,0.10605098831922743
north ealing,1,271,14.141560748940822,0.0,0,0.0,0.21653619910182,0.064960859730546,North Ealing,north ealing,0.007380073800738,0.036184445442338,0.0683652875882946,0.10210608124470646,0.16666666666666669,0.3549130542131727,0.10387463187485037
sudbury hill,1,271,14.1216618832855,0.0,0,0.0,0.2113847648669202,0.063415429460076,Sudbury Hill,sudbury hill,0.007380073800738,0.0353111584025893,0.0683652875882946,0.09964182025243495,0.16666666666666669,0.3549130542131727,0.10217887229757361
tower hill,1,271,13.996282629492962,0.0,0,0.0,0.178926483499495,0.0536779450498485,Tower Hill,tower hill,0.011070110701107,0.0100824563801192,0.0841876359117738,0.02845090197486088,0.3333333333333333,0.5597843688851377,0.09699550116905166
park royal,1,271,14.116331829984968,0.0,0,0.0,0.2100049164111435,0.063001474923343,Park Royal,park royal,0.007380073800738,0.0316630113391081,0.0656015492616799,0.08934739689171092,0.16666666666666669,0.319127550518842,0.0969074742561917
redbridge,1,271,14.089982233155665,0.0,0,0.0,0.2031835117374573,0.0609550535212372,Redbridge,redbridge,0.007380073800738,0.0318163181631816,0.0636449037106622,0.08978000153281733,0.16666666666666669,0.2937924650948156,0.09650985015611316
sudbury town,1,271,14.106382397157304,0.0,0,0.0,0.2074291992936934,0.062228759788108,Sudbury Town,sudbury town,0.007380073800738,0.0312612290144065,0.0657926681233309,0.08821363849947457,0.16666666666666669,0.32160220040295234,0.09610878051950303
alperton,1,271,14.104605712723794,0.0,0,0.0,0.2069692498084347,0.0620907749425304,Alperton,alperton,0.007380073800738,0.0295612956129561,0.0641268338854709,0.08341672822830062,0.16666666666666669,0.30003260508381047,0.09366892993024277
charing cross,1,271,13.9976766434331,0.0,0,0.0,0.179287366941775,0.0537862100825325,Charing Cross,charing cross,0.011070110701107,0.0067643843105097,0.103831417624521,0.019087891648912156,0.3333333333333333,0.8141364601387246,0.09234647551588249
oval,1,271,14.05414787481208,0.0,0,0.0,0.1939066844270814,0.0581720053281244,Oval,oval,0.007380073800738,0.0284315065372875,0.0925546448087431,0.08022866402724965,0.16666666666666669,0.6681222766058544,0.09089926694539549
st. jamess park,1,271,13.995817958179584,0.0,0,0.0,0.1788061890187352,0.0536418567056205,St. Jamess Park,st. jamess park,0.007380073800738,0.0281809484761514,0.1057354662504877,0.07952163366008132,0.16666666666666669,0.838790508780941,0.08918670717506015
elephant and castle,1,271,13.98537652043187,0.0,0,0.0,0.1761031012745979,0.0528309303823793,Elephant And Castle,elephant and castle,0.011070110701107,0.0035647578698009,0.0909395973154362,0.010059113860170278,0.3333333333333333,0.6472102794454551,0.08754550271146559
gants hill,1,271,14.0273336066694,0.0,0,0.0,0.1869649852726353,0.0560894955817906,Gants Hill,gants hill,0.007380073800738,0.0247642476424764,0.0600088573959256,0.06988031047141967,0.16666666666666669,0.24671212193217446,0.08510033724358035
regents park,1,271,13.998059313926472,0.0,0,0.0,0.1793864329847538,0.0538159298954261,Regents Park,regents park,0.007380073800738,0.0233041774862193,0.1092301491334139,0.06576025169546497,0.16666666666666669,0.8840404465240175,0.08235823814969366
bermondsey,1,271,14.052589859231926,0.0,0,0.0,0.1935033441092391,0.0580510032327717,Bermondsey,bermondsey,0.007380073800738,0.0223547902145688,0.088475350963108,0.06308124935877549,0.16666666666666669,0.6153026650031724,0.0822892589825526
temple,1,271,14.048353150198167,0.0,0,0.0,0.1924065414905448,0.0577219624471634,Temple,temple,0.007380073800738,0.0190369459250147,0.0954897815362931,0.053718881787705515,0.16666666666666669,0.7061270852361141,0.07750936296133512
roding valley,1,271,13.983709170425035,0.0,0,0.0,0.1756714563730471,0.0527014369119141,Roding Valley,roding valley,0.007380073800738,0.0185321853218532,0.0571247892074198,0.05229453697530081,0.16666666666666669,0.20936856019892794,0.07529103289455798
newbury park,1,271,13.978789121224546,0.0,0,0.0,0.1743977501061765,0.0523193250318529,Newbury Park,newbury park,0.007380073800738,0.0177805111384447,0.0567658148303309,0.05017344587379524,0.16666666666666669,0.20472047945489455,0.07411585377978683
canada water,1,271,14.012655459887933,0.0,0,0.0,0.1831650949098042,0.0549495284729412,Canada Water,canada water,0.007380073800738,0.0168151792629037,0.0832309582309582,0.047449450695558636,0.16666666666666669,0.5473970917136969,0.07354291722299502
west acton,1,271,14.027306273062733,0.0,0,0.0,0.1869579091267084,0.0560873727380125,West Acton,west acton,0.007380073800738,0.0161860507493963,0.0690973992860785,0.04567416171908628,0.16666666666666669,0.3643926006714654,0.07299662601428022
ealing broadway,1,271,14.031761650949845,0.0,0,0.0,0.1881113209128192,0.0564333962738457,Ealing Broadway,ealing broadway,0.007380073800738,0.0157259350371281,0.0685728744939271,0.044375796863013274,0.16666666666666669,0.3576009360241492,0.07245125064699368
southwark,1,271,13.990788574552411,0.0,0,0.0,0.1775041781681561,0.0532512534504468,Southwark,southwark,0.007380073800738,0.0130458749031934,0.0986530760829996,0.03681314295382699,0.16666666666666669,0.7470861324792298,0.06771528084538087
blackfriars,1,271,14.009402760694272,0.0,0,0.0,0.1823230335444839,0.0546969100633451,Blackfriars,blackfriars,0.007380073800738,0.0119848754043096,0.087532299741602,0.033819190726308145,0.16666666666666669,0.6030918262829656,0.06665200171549095
canary wharf,1,271,13.986934536012027,0.0,0,0.0,0.1765064415924406,0.0529519324777321,Canary Wharf,canary wharf,0.007380073800738,0.0116172383946061,0.0786419036564132,0.03278178435120795,0.16666666666666669,0.4879769838657807,0.06560980525225694
chigwell,1,271,13.94762880962143,0.0,0,0.0,0.1663309437493278,0.0498992831247983,Chigwell,chigwell,0.007380073800738,0.011480114801148,0.0541783286685325,0.03239484591390315,0.16666666666666669,0.17121712831980904,0.0645005412277244
caledonian road,1,271,14.00273336066694,0.0,0,0.0,0.1805964539382815,0.0541789361814844,Caledonian Road,caledonian road,0.007380073800738,0.0104687713543802,0.0960992907801418,0.029541014250059307,0.16666666666666669,0.7140191476240151,0.06435752131280831
chancery lane,1,271,14.001093344266776,0.0,0,0.0,0.1801718851826576,0.0540515655547972,Chancery Lane,chancery lane,0.007380073800738,0.0101457792355701,0.0993037742762916,0.028629587831291093,0.16666666666666669,0.7555115186222325,0.06386359691541804
barkingside,1,271,13.9443487768211,0.0,0,0.0,0.1654818062380806,0.0496445418714241,Barkingside,barkingside,0.007380073800738,0.01093344266776,0.0539625647152528,0.030852234203717292,0.16666666666666669,0.1684233682619776,0.06365281299661922
st. pauls,1,271,14.00541205412054,0.0,0,0.0,0.181289916239133,0.0543869748717399,St. Pauls,st. pauls,0.007380073800738,0.0094870393148376,0.0973070017953321,0.026770740720517237,0.16666666666666669,0.7296568607097956,0.06303479615511393
aldgate,1,271,13.984857181905152,0.0,0,0.0,0.1759686545019838,0.0527905963505951,Aldgate,aldgate,0.007380073800738,0.0076843879549906,0.0914304993252361,0.02168397860617915,0.16666666666666669,0.653566588766087,0.06001250154160145
russell square,1,271,14.000956676233429,0.0,0,0.0,0.1801365044530223,0.0540409513359066,Russell Square,russell square,0.007380073800738,0.0071686939091613,0.0995225853837679,0.02022878155957062,0.16666666666666669,0.7583447339160065,0.059660009513890624
north greenwich,1,271,13.97542708760421,0.0,0,0.0,0.1735273841571482,0.0520582152471444,North Greenwich,north greenwich,0.007380073800738,0.0065459432372101,0.0745734727572922,0.018471489719717116,0.16666666666666669,0.435298028130866,0.05818654276733522
mansion house,1,271,13.984720513871803,0.0,0,0.0,0.1759332737723484,0.0527799821317045,Mansion House,mansion house,0.007380073800738,0.0063687303539701,0.0818236714975845,0.01797142642366504,0.16666666666666669,0.529175227468751,0.05815304118467721
bow road,1,271,13.981112477791443,0.0,0,0.0,0.1749992225099767,0.052499766752993,Bow Road,bow road,0.007380073800738,0.0063140631406314,0.0813325330132052,0.017817165252646736,0.16666666666666669,0.5228158562222293,0.0579918459855546
marylebone,1,271,14.000765340986744,0.0,0,0.0,0.1800869714315331,0.0540260914294599,Marylebone,marylebone,0.007380073800738,0.005193385267186,0.1054064566316608,0.014654811246765712,0.16666666666666669,0.8345304184472726,0.05686856638555417
whitechapel,1,271,13.980073800738008,0.0,0,0.0,0.1747303289647481,0.0524190986894244,Whitechapel,whitechapel,0.007380073800738,0.0051414514145141,0.086031746031746,0.014508263134297943,0.16666666666666669,0.5836623203089439,0.05631319450730963
canning town,1,271,13.97813311466448,0.0,0,0.0,0.1742279226039271,0.0522683767811781,Canning Town,canning town,0.007380073800738,0.0044931893763382,0.072017007706617,0.01267898274796931,0.16666666666666669,0.40219634529990717,0.05535333774167142
monument,1,271,13.978160448271147,0.0,0,0.0,0.174234998749854,0.0522704996249562,Monument,monument,0.007380073800738,0.0042672315612044,0.0779407535231521,0.012041369907758887,0.16666666666666669,0.4788983346888779,0.055035168174699646
lambeth north,1,271,13.99051523848572,0.0,0,0.0,0.1774334167088854,0.0532300250126656,Lambeth North,lambeth north,0.007380073800738,0.003973623069564,0.0982952484584693,0.011212858868413434,0.16666666666666669,0.7424529001445148,0.05490877027133974
holloway road,1,271,13.98223315566489,0.0,0,0.0,0.175289344492986,0.0525868033478958,Holloway Road,holloway road,0.007380073800738,0.003690036900369,0.0885042455911169,0.010412629043754586,0.16666666666666669,0.6156767991270152,0.054315688859579374
grange hill,1,271,13.925652589859231,0.0,0,0.0,0.1606417224239712,0.0481925167271913,Grange Hill,grange hill,0.007380073800738,0.0044280442804428,0.0515209125475285,0.012495154852505503,0.16666666666666669,0.1368083083892889,0.05403866577774348
st. johns wood,1,271,13.993795271286046,0.0,0,0.0,0.1782825542201326,0.0534847662660397,St. Johns Wood,st. johns wood,0.007380073800738,0.003143364766981,0.1027682973075464,0.008870017333568722,0.16666666666666669,0.8003709398417244,0.05381377187992961
west hampstead,1,271,13.98857455241219,0.0,0,0.0,0.176931010348064,0.0530793031044192,West Hampstead,west hampstead,0.007380073800738,0.0031798095758735,0.0958274398868458,0.008972858114247684,0.16666666666666669,0.7104991612878748,0.05374355332178294
fairlop,1,271,13.924012573459068,0.0,0,0.0,0.1602171536683478,0.0480651461005043,Fairlop,fairlop,0.007380073800738,0.0041547082137488,0.0514231499051233,0.011723848997412571,0.16666666666666669,0.1355424557695714,0.05361480166219092
cannon street,1,271,13.974306409730763,0.0,0,0.0,0.1732372621741385,0.0519711786522415,Cannon Street,cannon street,0.007380073800738,0.0031465536877591,0.0789167152009318,0.008879015901878147,0.16666666666666669,0.4915353053779554,0.05336419487994486
stepney green,1,271,13.97676643433101,0.0,0,0.0,0.173874115307574,0.0521622345922722,Stepney Green,stepney green,0.007380073800738,0.0030230968976356,0.0811863391252246,0.008530642757327718,0.16666666666666669,0.5209229049728155,0.05324732508967886
ravenscourt park,1,271,13.96908569085691,0.0,0,0.0,0.1718857183020703,0.051565715490621,Ravenscourt Park,ravenscourt park,0.007380073800738,0.0028973623069564,0.0765320530923468,0.008175842063985082,0.16666666666666669,0.4606581655725286,0.05289096901251218
edgware road (bakerloo),1,271,13.99404127374607,0.0,0,0.0,0.178346239533476,0.0535038718600428,Edgware Road (Bakerloo),edgware road (bakerloo),0.007380073800738,0.0018313516468498,0.1005939123979213,0.005167749229122646,0.16666666666666669,0.7722165163686465,0.051968369505907504
borough,1,271,13.982533825338251,0.0,0,0.0,0.1753671820981836,0.0526101546294551,Borough,borough,0.007380073800738,0.0017949068379572,0.0885331590983338,0.0050649084484434,0.16666666666666669,0.6160511777030774,0.05164883394639157
covent garden,1,271,13.989230558972256,0.0,0,0.0,0.1771008378503134,0.053130251355094,Covent Garden,covent garden,0.007380073800738,0.0010307047514919,0.0966476462196861,0.0029084658285794345,0.16666666666666669,0.7211193768384268,0.050726641654151264
goodge street,1,271,13.990979909799098,0.0,0,0.0,0.1775537111896453,0.0532661133568935,Goodge Street,goodge street,0.007380073800738,0.0005986059860598,0.0989051094890511,0.0016891598226533523,0.16666666666666669,0.7503495175459334,0.05015774725172807
swiss cottage,1,271,13.98857455241219,0.0,0,0.0,0.176931010348064,0.0530793031044192,Swiss Cottage,swiss cottage,0.007380073800738,0.0005330053300533,0.0958274398868458,0.001504046417431218,0.16666666666666669,0.7104991612878748,0.05000914747337471
neasden,1,271,13.98316249829165,0.0,0,0.0,0.1755299334545062,0.0526589800363518,Neasden,neasden,0.007380073800738,0.0004737825156029,0.0895571711830799,0.0013369301488276553,0.16666666666666669,0.629310315838129,0.04979949241865271
stamford brook,1,271,13.964821648216482,0.0,0,0.0,0.1707818395374487,0.0512345518612346,Stamford Brook,stamford brook,0.007380073800738,0.0007653409867432,0.0733026778469028,0.0021596563942602107,0.16666666666666669,0.4188434906218174,0.04978352708883383
arsenal,1,271,13.97627442941096,0.0,0,0.0,0.1737467446808868,0.052124023404266,Arsenal,arsenal,0.007380073800738,0.000546672133388,0.0820217917675544,0.0015426117101858645,0.16666666666666669,0.5317405331580252,0.04974184620970608
bromley-by-bow,1,271,13.96941369413694,0.0,0,0.0,0.1719706320531948,0.0515911896159584,Bromley-By-Bow,bromley-by-bow,0.007380073800738,0.0004646713133798,0.0764241398759165,0.001311219953657985,0.16666666666666669,0.4592608810437997,0.04946630019494985
mornington crescent,1,271,13.98764520978543,0.0,0,0.0,0.1766904213865438,0.0530071264159631,Mornington Crescent,mornington crescent,0.007380073800738,0.0,0.0946890286512928,0.0,0.16666666666666669,0.6957587572911441,0.04923547125812227
dollis hill,1,271,13.98226048927156,0.0,0,0.0,0.1752964206389129,0.0525889261916738,Dollis Hill,dollis hill,0.007380073800738,2.7333606669400023e-05,0.0885910428244524,7.71305855092933e-05,0.16666666666666669,0.6168006691708156,0.049148576483590126
kilburn,1,271,13.98226048927156,0.0,0,0.0,0.1752964206389129,0.0525889261916738,Kilburn,kilburn,0.007380073800738,2.7333606669400023e-05,0.0885910428244524,7.71305855092933e-05,0.16666666666666669,0.6168006691708156,0.049148576483590126
west kensington,1,271,13.979773131064643,0.0,0,0.0,0.1746524913595505,0.0523957474078651,West Kensington,west kensington,0.007380073800738,0.0,0.086031746031746,0.0,0.16666666666666669,0.5836623203089439,0.04905205755569287
hainault,1,271,13.917780511138444,0.0,0,0.0,0.1586037923969779,0.0475811377190933,Hainault,hainault,0.007380073800738,0.0008336750034167,0.0491119971003986,0.0023524828580334433,0.16666666666666669,0.10561713091693083,0.04878391607807805
chiswick park,1,271,13.96621566215662,0.0,0,0.0,0.1711427229797287,0.0513428168939186,Chiswick Park,chiswick park,0.007380073800738,0.0,0.0743280307185957,0.0,0.16666666666666669,0.4321199895669632,0.048736178401508914
heathrow terminal 4,1,271,13.904168375017084,0.0,0,0.0,0.1550798717253023,0.0465239615175907,Heathrow Terminal 4,heathrow terminal 4,0.007380073800738,0.0,0.0458079783637593,0.0,0.16666666666666669,0.0628359553014484,0.047290521788610554
kensington (olympia),1,271,13.978761787617875,0.0,0,0.0,0.1743906739602492,0.0523172021880747,Kensington (Olympia),kensington (olympia),0.003690036900369,0.0,0.0850329463445246,0.0,0.0,0.5707296379515883,0.01569516065642241
brixton,1,271,13.97769577695777,0.0,0,0.0,0.1741147042690942,0.0522344112807282,Brixton,brixton,0.003690036900369,0.0,0.0840049597024178,0.0,0.0,0.5574190363564308,0.01567032338421846
battersea power,1,271,13.976657099904331,0.0,0,0.0,0.173845810723866,0.0521537432171598,Battersea Power,battersea power,0.003690036900369,0.0,0.0830269607843137,0.0,0.0,0.5447556870227278,0.01564612296514794
stanmore,1,271,13.96129561295613,0.0,0,0.0,0.1698690167128581,0.0509607050138574,Stanmore,stanmore,0.003690036900369,0.0,0.0708311552535284,0.0,0.0,0.3868416617785793,0.01528821150415722
walthamstow central,1,271,13.953642203088698,0.0,0,0.0,0.1678876958532812,0.0503663087559843,Walthamstow Central,walthamstow central,0.003690036900369,0.0,0.0660009741841207,0.0,0.0,0.3242993939961951,0.015109892626795289
richmond,1,271,13.950170835041684,0.0,0,0.0,0.1669890253205444,0.0500967075961633,Richmond,richmond,0.003690036900369,0.0,0.0640207890385069,0.0,0.0,0.29865951262196255,0.015029012278848989
mill hill east,1,271,13.9389913899139,0.0,0,0.0,0.164094881636377,0.0492284644909131,Mill Hill East,mill hill east,0.003690036900369,0.0,0.0583800086169754,0.0,0.0,0.22562142262996285,0.014768539347273929
hammersmith (handc line),1,271,13.93347000136668,0.0,0,0.0,0.1626655001591108,0.0487996500477332,Hammersmith (Handc Line),hammersmith (handc line),0.003690036900369,0.0,0.055945499587118,0.0,0.0,0.19409885370841218,0.014639895014319958
wimbledon,1,271,13.928631952986196,0.0,0,0.0,0.1614130223300208,0.0484239066990062,Wimbledon,wimbledon,0.003690036900369,0.0,0.0539733120892252,0.0,0.0,0.16856252767055474,0.01452717200970186
watford,1,271,13.926718600519338,0.0,0,0.0,0.1609176921151267,0.048275307634538,Watford,watford,0.003690036900369,0.0,0.0532311923001374,0.0,0.0,0.15895339420148022,0.0144825922903614
cockfosters,1,271,13.9253245865792,0.0,0,0.0,0.1605568086728467,0.048167042601854,Cockfosters,cockfosters,0.003690036900369,0.0,0.0527032283158304,0.0,0.0,0.15211719812280367,0.014450112780556199
edgware,1,271,13.923739237392374,0.0,0,0.0,0.1601463922090771,0.0480439176627231,Edgware,edgware,0.003690036900369,0.0,0.0521153846153846,0.0,0.0,0.1445056660499538,0.014413175298816928
uxbridge,1,271,13.922973896405631,0.0,0,0.0,0.1599482601231197,0.0479844780369359,Uxbridge,uxbridge,0.003690036900369,0.0,0.0518362662586074,0.0,0.0,0.14089157896673823,0.01439534341108077
morden,1,271,13.920623206232062,0.0,0,0.0,0.1593397115733922,0.0478019134720176,Morden,morden,0.003690036900369,0.0,0.0509973654497553,0.0,0.0,0.13002930314805544,0.01434057404160528
high barnet,1,271,13.917179171791718,0.0,0,0.0,0.1584481171865827,0.0475344351559748,High Barnet,high barnet,0.003690036900369,0.0,0.0498161764705882,0.0,0.0,0.11473500333297032,0.01426033054679244
west ruislip,1,271,13.912423124231244,0.0,0,0.0,0.1572168677952743,0.0471650603385823,West Ruislip,west ruislip,0.003690036900369,0.0,0.0482721767011043,0.0,0.0,0.09474294803496001,0.01414951810157469
amersham,1,271,13.912395790624572,0.0,0,0.0,0.157209791649347,0.0471629374948041,Amersham,amersham,0.003690036900369,0.0,0.0482635796972395,0.0,0.0,0.09463163210081342,0.01414888124844123
chesham,1,271,13.912395790624572,0.0,0,0.0,0.157209791649347,0.0471629374948041,Chesham,chesham,0.003690036900369,0.0,0.0482635796972395,0.0,0.0,0.09463163210081342,0.01414888124844123
epping,1,271,13.906901735684023,0.0,0,0.0,0.1557874863180081,0.0467362458954024,Epping,epping,0.003690036900369,0.0,0.046595598349381,0.0,0.0,0.07303423551986479,0.01402087376862072
harrow and wealdstone,1,271,13.902719693863606,0.0,0,0.0,0.1547048359911681,0.0464114507973504,Harrow And Wealdstone,harrow and wealdstone,0.003690036900369,0.0,0.0454012397386496,0.0,0.0,0.05756941236164744,0.01392343523920512
heathrow terminal 5,1,271,13.896815634823016,0.0,0,0.0,0.1531763884709231,0.0459529165412769,Heathrow Terminal 5,heathrow terminal 5,0.003690036900369,0.0,0.0438156831042845,0.0,0.0,0.037039269456930604,0.01378587496238307
upminster,1,271,13.885007516741831,0.0,0,0.0,0.1501194934304326,0.0450358480291298,Upminster,upminster,0.003690036900369,0.0,0.0409551156113042,0.0,0.0,0.0,0.01351075440873894
